<?xml version="1.0" encoding="utf-8"?>
<ModMetaData>
    <name>Durable Clothes</name>
    <author>mpwoz</author>
    <targetVersion>1.0.0</targetVersion>
    <description>
Updated for 1.0!
    
Requires HugsLib https://steamcommunity.com/sharedfiles/filedetails/?id=818773962 for patching c# methods.
        
This mod will prevent any worn clothes from deteriorating on your pawns. It does this by hooking into the deterioration function and setting the item's HP to max whenever it runs.
        
Yes, this means that if a pawn equips damaged clothing it will get repaired the next day.        
    </description>
</ModMetaData>
